;1;2;3;4;5;6;7;8;9;10;11;12;13;14;15;16;17;18;19;20;21;22;23;24;25;26;27;28;29;30;31;32;33;34;35;36;37;38;39;40;41;42;43;44;45;46;47;48;49;50;51;52;53;54;55;56;57;58;59;60;61;62;63;64;65;66;67;68;69;70;71;72;73;74;75;76;77;78;79;80;81;82;83;84;85;86;87;88;89;90;91;92;93;94;95;96;97;98;99;100;101;102;103;104;105;106;107;108;109;110;111;112;113;114;115;116;117;118;119;120;121;122;123;124;125;126;127;128;129;130;131;132;133;134;135;136;137;138;139;140;141;142;143;144;145;146;147;148;149;150;151;152;153;154;155;156;157;158;159;160;161;162;163;164;165;166;167;168;169;170;171;172;173;174;175;176;177;178;179;180;181;182;183;184;185;186;187;188;189;190;191;192;193;194;195;196;197;198;199;200;201
1;0.16805;-0.37492;-0.05419;0.10631;0.4097;-0.64118;-0.02088;-0.13855;0.06323;0.00619;0.19455;0.19759;0.30025;0.51109;0.57364;0.6267;0.32171;0.56806;0.55074;0.46875;0.54943;0.48242;0.52007;0.25482;0.34578;0.3212;0.38345;0.44501;0.37415;0.49661;0.59944;0.86657;1.20962;1.60098;1.19585;1.13279;0.89454;0.86875;1.4898;1.63145;2.11598;2.15666;1.86792;2.56785;2.5285;0.90303;3.29426;0.45382;0.28329;0.40202;0.38554;0.11929;0.09693;0.28073;0.1597;-0.06439;0.00172;-0.53952;-0.39913;-0.31724;-0.4123;-0.7791;-0.66722;-0.57402;-0.56669;-0.73765;-0.87359;-0.37149;-0.97096;-0.83831;-0.81686;-0.66123;-0.7419;-0.56124;-0.73308;-0.51715;-0.64292;-0.81526;-0.69687;-0.66829;-0.44463;-0.68613;-0.60762;-0.4282;-0.36379;-0.78883;-0.90827;-0.82505;-0.61268;-0.92037;-0.57195;-0.58158;-0.60773;-0.36267;-0.51782;-0.33139;-0.366;-0.28397;-0.19209;-0.48776;0.62477;1.44541;0.9637;0.91927;1.04966;0.67449;0.66404;0.75391;0.65098;0.5745;0.13644;0.31275;0.62325;0.44995;0.44005;0.52987;0.48527;0.35294;0.18554;0.36007;0.29019;-0.00841;0.09434;-0.03884;0.1343;-0.29589;-0.34964;-0.1265;-0.06841;-0.15752;0.29766;0.16879;-0.00244;0.08022;0.18851;-0.16549;-0.25257;-0.1535;-0.06018;-0.31937;-0.29048;-0.18716;-0.33001;-0.34743;-0.51251;0.00647;-0.34438;-0.8935;-0.21773;-0.57305;-0.4385;-0.45628;-0.83656;-0.67124;0.20191;0.40676;0.39611;0.13189;0.62901;-0.02568;0.51609;-0.11606;0.10998;-0.08109;-0.17832;0.04514;0.27985;0.13842;0.34939;0.1419;0.19285;-0.06505;0.40358;0.13566;0.2974;0.04896;0.13586;0.47741;0.20435;0.38151;0.14718;0.14318;0.03521;-0.00163;0.08581;0.23765;-0.19937;0.19192;0.24616;0.07114;0.00989;0.05357;0.19988;-0.16156;-0.00936;-0.1624;-0.23593;0.05621;-0.136;0.06791;0
2;0.01728;-0.133;-0.41769;0.10875;-0.34594;-0.15312;0.00014;0.28541;-0.08692;-0.06874;-0.06414;-0.10978;-0.17718;0.02035;-0.17287;-0.0014;-0.45265;-0.36591;-0.41457;-0.08465;-0.56217;-0.4881;-0.44255;-0.37513;-0.39202;-0.50081;-0.70284;-0.68676;-0.50223;-0.46423;-0.46654;-0.48614;-0.71341;-0.26506;-0.49613;-0.59633;-0.69535;-0.64207;-0.65625;-0.5725;-0.68904;-0.22122;-0.28901;-0.19097;-0.28728;-0.07315;-0.02534;-0.14748;-0.09497;-0.15859;-0.10337;0.10366;-0.0582;-0.06465;-0.0959;0.06602;-0.25929;-0.04666;0.0532;-0.14068;0.01002;-0.16049;0.01391;0.07907;0.0555;0.02513;-0.04578;0.16457;0.11424;0.09293;0.13796;0.16672;0.04493;0.2432;0.16679;0.08671;0.0915;0.17493;0.38924;0.34058;0.43505;0.54207;0.29962;0.19499;0.37823;0.2565;0.56401;0.36581;0.1507;0.40273;0.22023;0.4295;0.46767;0.46169;0.26241;0.49348;0.23794;0.32967;0.35025;0.18511;0.62334;0.58044;0.47061;0.54505;0.72839;0.25394;0.50429;0.62967;0.38478;0.47155;0.6383;0.58616;0.5508;0.56177;0.19693;0.41629;0.15123;0.17552;0.43587;0.20111;0.34172;0.1296;0.11161;-0.10476;-0.12889;-0.4354;-1.01097;-0.57664;-0.68068;-0.68756;-0.79285;-0.92668;-0.92009;-0.74445;-0.66995;-1.5067;-0.8631;-1.11982;-0.80169;-0.85862;-0.74953;-0.4727;-0.65493;-0.72018;-1.10754;-0.85447;-0.95704;-0.83721;-0.94323;-0.89514;-0.87259;-0.7067;-0.94239;-1.03557;-0.98754;-0.84907;-1.06463;-0.7327;-0.62006;-0.18548;-0.83463;-0.4957;0.13751;-0.12116;-0.11426;-0.02796;-0.04158;0.1766;0.04326;-0.0132;0.21809;0.14186;0.16371;-0.04142;0.2098;0.29974;0.3737;0.05485;0.28629;0.12506;-0.00831;-0.1238;-0.13867;-0.08903;-0.30368;-0.4552;-0.56473;-0.2557;-0.91657;-0.33959;-0.3719;-0.57499;-0.5639;-1.29888;-0.59815;-0.15832;-0.6402;-0.61625;-0.6278;-1.02194;0
3;-1.24634;-0.64486;-0.72763;-0.747;-0.48075;-0.99276;-1.02395;-0.97884;-1.12809;-0.89319;-1.50281;-1.21952;-1.88406;-1.30482;-1.13659;-1.49886;-0.87644;-0.80653;-0.6099;-0.64949;-0.71376;-0.57391;-0.70155;-0.60179;-0.63284;-0.52682;-0.4772;-0.48894;-0.51654;-0.10521;-0.3951;-0.26777;-0.17181;-0.31287;0.14207;-0.08505;0.00328;0.1358;-0.10666;0.68116;0.22228;-0.01198;-0.01346;-0.22378;-0.04396;0.10212;-0.15788;-0.02416;-0.19094;0.11915;0.01541;-0.1975;-0.30037;-0.13819;-0.0793;-0.34014;-0.2862;-0.04555;-0.07331;0.13272;0.09529;0.04926;-0.17296;0.26914;-0.25891;0.11289;0.15143;-0.18865;0.06078;0.28205;-0.06301;0.23688;0.43124;0.18916;0.58607;0.19301;0.57095;0.19478;0.3359;0.15138;0.44025;0.18667;0.20703;0.4311;0.12619;0.47196;0.1942;0.75954;0.36741;0.61616;0.39723;0.63405;0.21532;0.70271;0.28127;0.4567;0.42446;0.30146;0.41215;0.07545;-0.76291;0.02824;0.04815;-0.02286;0.28014;0.26329;0.09895;0.33452;-0.02285;0.32236;0.51801;0.03667;0.24409;0.11285;0.15904;-0.08606;-0.01238;-0.17584;0.13109;-0.07331;0.02876;0.02993;-0.0057;0.11848;-0.00549;0.00894;0.00908;-0.13094;-0.367;-0.18076;-0.19211;-0.56401;-0.51584;-0.44468;-0.38882;-0.49232;-0.43139;-0.68105;-0.50476;-0.72935;-0.2133;-0.49097;-0.42518;-0.65039;-0.61275;-0.54552;-0.65459;-0.67098;-0.54253;-0.62696;-0.60303;-0.41237;-0.41309;-0.24003;-0.12066;-0.28023;-0.29138;-0.21442;-0.33886;-0.32372;-0.40329;-0.42537;-0.31844;-0.5979;-0.62416;-0.66697;-0.54306;-0.3467;-0.52168;-0.69125;-0.19406;-0.68419;-0.79745;-0.50411;-0.46993;-0.35129;-0.32281;-0.06979;-0.00272;-0.21661;-0.24756;0.01976;-0.2017;-0.0973;0.06337;-0.01598;0.26087;-0.16423;0.21323;0.57302;0.17389;0.04319;0.47754;-0.12888;0.42053;0.1116;0.16855;0.18333;0.11901;0.18208;0
4;0.52003;0.56517;0.35012;0.29101;0.22101;0.19094;0.14515;0.16362;0.10255;0.08015;-0.025;0.05921;0.00167;0.01736;-0.01246;0.01375;0.08685;-0.02181;-0.07243;-0.0273;-0.06846;-0.0376;0.01057;-0.01431;-0.03066;-0.01235;-0.13898;0.05004;-0.03171;-0.02432;-0.09567;-0.08781;-0.08457;-0.05356;-0.09547;-0.10176;-0.05202;-0.0996;-0.04307;-0.09192;-0.0074;-0.09005;-0.08897;-0.11846;-0.08137;-0.10367;-0.08323;0.08833;0.57654;0.8262;1.11618;1.22274;1.20786;1.13636;0.83177;0.68745;1.21789;0.91373;0.91821;1.17252;1.02753;0.95245;1.01609;1.18032;1.03946;1.13905;1.37303;1.58486;1.35876;1.42488;1.02925;0.89739;0.87017;0.7436;0.59198;0.59877;0.7183;0.6197;0.4722;0.53455;0.25156;0.38569;0.37437;0.47119;-0.06134;0.1551;0.00437;0.30217;-0.06406;-0.21564;0.21423;-0.25954;-0.41128;-0.1873;-0.64472;0.38278;0.37091;0.2339;0.14377;-0.12042;0.00039;-0.15582;0.12609;0.0925;-0.04582;0.4109;-0.20177;0.06486;0.27915;0.09844;-0.16003;-0.45433;0.19728;-0.31416;-0.37484;-0.45034;-0.39849;-0.32779;-0.12927;-0.52872;-0.42174;-0.8946;-0.72466;-0.61206;-0.59917;-0.82394;-0.66746;-1.14277;-0.94396;-0.91736;-1.00455;-0.92832;-0.96865;-0.93742;-0.85398;-1.02949;-1.05458;-1.05615;-1.24202;-1.11319;-0.9723;-0.9817;-1.07348;-0.85432;-1.06762;-0.94722;-0.83905;-0.84979;-0.9267;-0.72493;-0.71814;-1.09509;-0.82124;-0.78139;-1.07159;-0.76445;-0.71222;-0.6675;-0.6674;-0.93732;-0.92474;-0.42154;-0.47185;-0.40503;-0.6706;-0.32191;-0.57541;-0.36703;-0.42407;-0.35404;-0.42193;-0.36036;-0.6065;-0.36543;-0.45554;-0.52047;-0.51495;-0.55339;-0.69602;-0.38139;-0.35625;-0.71153;-0.37427;-0.37984;-0.58267;-0.73566;-0.50038;-0.97179;-0.79445;-0.82;-0.85588;-0.83389;-1.10497;-0.82396;-0.93967;-1.21166;-0.94631;-0.81002;-1.20142;-1.37891;0
5;0.21887;0.25272;0.07538;0.12793;0.36028;0.30252;-0.12532;-0.08792;-0.16055;0.21691;0.04699;-0.13161;-0.16896;-0.15697;-0.26821;-0.32271;-0.11753;-0.52444;-0.18892;-0.52554;-0.52473;-0.26553;-0.34792;-0.40542;-0.52159;-0.47572;-0.43668;-0.61221;-0.55841;-0.38182;-0.60385;-0.53542;-0.61102;-0.49969;-0.51679;-0.41852;-0.54459;-0.49654;-0.40121;-0.55612;-0.49802;-0.4999;-0.37769;-0.39679;-0.54759;-0.59215;-0.39802;-0.52244;-0.85226;-0.69591;-0.67135;-0.52551;-0.78352;-0.81149;-0.84017;-0.70644;-0.63915;-0.57452;-0.5738;-0.45056;-0.57914;-0.37442;-0.35347;-0.19329;-0.28287;-0.49291;-0.49901;-0.36912;0.08643;-0.18746;0.15274;0.01164;0.03377;-0.1118;0.03243;0.10913;0.04221;0.0368;-0.11693;0.33181;0.32284;0.11462;0.48383;0.31674;0.63147;0.19643;0.41972;0.56589;0.24048;0.06714;0.30879;0.0298;0.02729;-0.23645;-0.0034;-0.23402;-0.24074;-0.25155;-0.33858;-0.30484;-0.39288;-1.2003;-1.12668;-1.26063;-1.24618;-1.07354;-1.29606;-1.43105;-1.32665;-1.49691;-1.43815;-1.46987;-1.47804;-1.57898;-1.51047;-1.5467;-1.54446;-1.54989;-1.38564;-1.60644;-1.45161;-1.21684;-0.92905;-0.48858;-0.26761;-0.24277;-0.23245;-0.24815;-0.19988;-0.19942;-0.11106;-0.11604;-0.0061;-0.01601;-0.06192;-0.04317;-0.1032;-0.09414;0.09652;0.58041;0.64471;0.20182;-0.04093;-0.45007;-0.72159;-1.41037;-1.49924;-1.75753;-1.76838;-1.76979;-1.48808;-1.3151;-1.3147;-1.16953;-1.0675;-0.63073;-0.09745;0.70145;0.37008;0.50067;0.39209;0.43896;0.39255;0.36567;0.36013;0.36165;0.33248;0.27239;0.28419;0.27206;0.26217;0.40957;0.54165;1.05808;1.69657;1.9015;1.62046;1.20798;0.75042;0.61115;0.90135;1.64388;1.98043;1.77742;1.70138;1.53303;1.63242;1.5369;1.13248;1.41541;1.14242;1.33031;1.6024;1.49398;1.26293;1.41306;1.3232;1.05913;1.16567;1.03922;0
6;-0.35323;-0.51875;-0.55194;-0.63804;-0.54114;-0.52413;-0.65073;-0.6376;-0.64632;-0.38764;-0.37852;-0.60294;-0.70953;-0.49609;-0.4226;-0.21629;-0.07543;-0.27572;-0.0792;0.07973;-0.13677;-0.05989;0.09022;-0.08765;0.05315;0.034;0.22141;0.21833;-0.02761;-0.11119;-0.08761;-0.19748;-0.40161;-0.13095;-0.38927;-0.21658;-0.38537;-0.39606;-0.28781;-0.55044;-0.14967;-0.39496;-0.43069;-0.15386;-0.31006;-0.3659;-0.10498;0.12472;-0.09471;-0.11475;0.62103;0.23779;-0.01686;0.23182;0.08074;0.02558;0.07331;0.2478;-0.01666;0.36012;0.26081;0.15681;0.62804;0.01763;0.49079;0.38872;0.12322;0.42865;0.1879;0.20166;0.05665;0.07951;-0.1006;0.00508;0.23141;0.07789;-0.21594;-0.15004;-0.07956;-0.15624;-0.17947;0.06551;0.07005;0.00274;0.56815;0.04932;0.38077;0.21549;0.27495;0.2704;0.25135;0.07208;-0.2367;-0.15773;0.02438;-0.11737;-0.18384;-0.07407;-0.04308;-0.15535;0.03369;0.16843;0.26383;-0.06244;-0.01492;0.0812;0.07455;-0.1798;-0.27506;-0.22901;-0.30535;-0.32314;-0.41807;-0.59786;-0.4568;-0.28823;-0.26146;-0.64453;-0.47219;-0.67793;-0.78007;-0.65447;-0.51786;-0.45328;-0.4008;-0.45354;-0.57321;-0.437;-0.50262;-0.49983;-0.64648;-0.42928;-0.50371;-0.61088;-0.39602;-0.44897;-0.51923;-0.77285;-0.58124;-0.51443;-0.45304;-0.5248;-0.43896;-0.45634;-0.60491;-0.45638;-0.57361;-0.4871;-0.51627;-0.45656;-0.52835;-0.3876;-0.06315;-0.13119;-0.24602;-0.21044;-0.31536;-0.30542;-0.17076;-0.14234;-0.23775;-0.21058;-0.00523;0.07929;0.25429;0.18272;0.06107;0.11438;0.11683;0.24681;0.07619;0.00988;-0.0828;0.0924;-0.10675;-0.20148;0.05611;-0.2257;-0.26766;-0.22233;-0.47131;-0.30894;-0.30577;-0.35921;-0.21982;-0.40225;-0.19092;-0.38672;-0.70709;-0.57594;-0.62432;-0.68775;-0.49192;-0.62599;-0.6636;-0.60562;-0.7311;-0.86831;-0.84713;-0.93178;0
7;-0.54019;-0.64973;-0.83382;-0.67845;-0.63517;-0.65963;-0.65857;-0.76225;-0.65085;-0.70089;-0.36499;-0.00183;-0.18784;-0.3945;-0.23259;-0.10533;-0.1336;-0.13743;-0.16435;-0.19975;-0.28833;-0.29954;-0.11736;-0.23698;-0.26526;-0.27993;-0.19431;-0.29575;-0.20908;-0.192;-0.23256;-0.1969;-0.24401;-0.17156;-0.28392;-0.19022;-0.27602;-0.17289;-0.1415;-0.27433;-0.24975;-0.28549;-0.14896;-0.31838;-0.32724;-0.1905;-0.23554;-0.22517;-0.2321;-0.18192;-0.17193;-0.1437;-0.17934;0.52986;0.23943;0.50859;0.39165;0.65152;0.51603;0.64548;0.48761;0.5173;0.66568;0.7267;0.86599;0.7314;0.78054;1.07991;1.01482;1.0908;1.18024;0.95847;0.69459;0.52827;0.44261;0.42425;0.23293;0.48288;0.0964;0.36666;0.24244;0.16072;0.14736;0.01078;0.19608;0.42616;-0.07585;0.00283;-0.17117;0.15672;0.01293;0.1743;0.12208;-0.27462;-0.36899;0.27963;-0.19792;0.39554;0.0903;-0.04443;-0.07905;-0.0885;-0.17041;-0.27483;-0.40811;-0.10667;-0.49119;-0.23114;-0.2355;-0.35913;0.30844;-0.18046;0.10217;0.41976;0.24257;0.20626;0.66197;0.44593;0.36105;0.53332;0.42799;0.3309;0.54595;0.24679;0.39901;0.65068;0.51717;0.16358;0.12388;0.38137;0.11903;-0.10817;-0.08705;-0.21414;-0.15365;-0.14876;-0.10837;-0.24369;-0.1841;-0.0346;-0.27651;-0.22773;0.07416;-0.22943;-0.17451;-0.03203;-0.25487;-0.11123;-0.15184;-0.20555;0.00778;-0.47784;-0.25067;-0.05548;-0.11773;-0.2258;-0.33966;-0.44821;-0.116;-0.17948;-0.09888;-0.46388;-0.21474;-0.36515;-0.25394;-0.24884;-0.44434;-0.36443;-0.37076;-0.56907;-0.25064;-0.34951;-0.25773;-0.3454;-0.35159;-0.2125;-0.24443;-0.24566;-0.43704;-0.1567;-0.16756;-0.19326;-0.36002;-0.20251;-0.18757;-0.12492;-0.09677;-0.16596;0.06355;-0.19205;0.05024;0.08319;-0.28493;0.11369;0.23127;0.26798;-0.15782;0.0714;0.1894;0.36505;0
8;0.84305;0.56608;0.53259;0.14769;-0.1355;-0.18309;-0.20263;-0.29182;-0.25711;0.34143;0.16336;0.41039;0.11442;0.37364;0.19796;0.12125;0.06467;-0.03613;0.00752;-0.05816;-0.05822;-0.09896;-0.12024;0.5418;-0.12356;-0.90918;0.09043;0.13158;-0.51436;-0.02164;-0.36364;0.07538;0.31287;0.35111;0.28035;0.26606;0.23881;0.07085;0.09369;-0.02105;-0.06564;-0.0901;0.3299;0.48272;0.48026;0.36819;0.36854;0.23402;0.16099;0.22752;0.09167;-0.1161;-0.19035;-0.43688;-0.37567;-0.42371;-0.42634;-0.3186;-0.26009;0.09799;0.31755;0.04015;0.01432;0.2664;0.1061;0.22729;0.07624;-0.05364;-0.07981;-0.13352;-0.18175;-0.21271;0.20632;0.16007;0.18252;-0.04267;0.13902;0.12658;0.20635;0.10779;0.07687;0.11984;0.07289;0.02338;0.07677;-0.00589;0.083;-0.01831;0.02524;-0.10148;-0.03423;-0.02709;-0.05167;-0.1486;0.16198;1.61105;0.5753;0.26988;0.24945;0.06909;-0.51752;-0.34872;-0.0642;-0.29068;-0.20634;-0.11963;-0.30117;-0.0673;-0.0684;0.14369;-0.09863;0.10434;-0.09833;-0.02521;0.04794;0.19722;0.35418;0.258;0.19868;0.21665;0.27305;0.31927;0.27537;0.35763;0.37639;0.31897;0.26777;0.30475;0.49526;0.67978;0.45911;0.71289;0.4488;0.7165;0.51809;0.66827;0.28681;0.69511;0.37034;0.8019;0.22016;0.4818;-0.00197;-0.03961;-0.09406;-0.29245;-0.20518;-0.16804;-0.09621;-0.31662;-0.24663;-0.28583;-0.26946;-0.11512;-0.24725;-0.31262;-0.40228;-0.30791;-0.31388;-0.43766;-0.08136;0.10433;0.16243;0.3281;0.30111;0.10957;0.15112;0.24436;0.3451;0.20011;0.28404;0.30326;0.20395;0.2934;0.11345;0.22268;0.40879;0.11999;-0.01921;0.10462;0.09279;0.2712;0.07759;-0.15982;0.37198;0.20255;0.52506;0.1933;0.43986;0.22491;0.13068;0.41007;0.10234;0.52317;0.02015;0.3875;0.198;0.15805;0.29159;0.08462;0
9;-0.55522;0.16536;0.38296;0.63664;0.54092;0.70814;0.81734;0.63078;0.57197;0.55681;0.43611;0.48767;0.38561;0.51464;0.29463;0.64637;0.29237;0.76687;0.55555;0.65723;0.51731;0.32929;-0.0075;0.22589;-0.19505;0.03414;-0.10622;-0.09593;-0.1578;-0.30039;-0.11134;-0.26048;-0.12367;-0.05519;-0.21476;-0.13516;0.05229;-0.28348;-0.23169;-0.15106;-0.38568;-0.04691;-0.16372;-0.20448;-0.07786;-0.14125;-0.25475;-0.05313;-0.24901;-0.32607;-0.01246;-0.1556;0.0758;0.0166;-0.08259;-0.41658;-0.26629;-0.37194;-0.54969;-0.49511;-0.61076;-0.33208;-0.66355;-0.49177;-0.46163;-0.63118;-0.83648;-0.91581;-0.60301;-0.20903;-0.76564;-0.57958;-0.26513;-0.4987;-0.53183;-0.56727;-0.50505;-0.45018;-0.65418;-0.48939;-0.23217;-0.55412;-0.5459;-0.34925;-0.45308;-0.60761;-0.62229;-0.4931;-0.5262;-0.43851;-0.54505;-0.67505;-0.49925;-0.48221;-0.56662;-0.46072;-0.40994;-0.51064;-0.37591;-0.50156;-0.36878;-0.1551;-0.03459;-0.08808;-0.22767;-0.1212;-0.18319;-0.13407;-0.27588;-0.12747;-0.10785;-0.24385;-0.17202;-0.2427;-0.14186;-0.36213;-0.25556;-0.21149;-0.1545;-0.42164;-0.53922;-0.51546;-0.50162;-0.55794;-0.39876;-0.26173;-0.22757;-0.44721;-0.52832;-0.51574;-0.1985;-0.5225;-0.41429;-0.42834;-0.34528;-0.46887;-0.28205;-0.5858;-0.37487;-0.17016;-0.29241;0.07431;0.12592;-0.07451;-0.11096;0.0055;-0.09465;-0.00983;-0.13696;-0.51095;-0.34114;-0.55416;-0.64454;-0.13759;-0.47181;-0.68505;-0.45359;-0.51748;-0.70262;-0.46949;-0.62034;-0.58077;-0.30715;-0.54192;-0.77764;-0.82751;-0.56919;-0.49442;-0.40956;-0.9362;-0.6942;-0.6094;-0.76815;-0.32413;-0.38552;-0.27667;-0.2814;-0.37905;-0.14006;-0.50421;-0.36861;-0.31345;-0.46569;-0.34428;-0.76925;-0.43685;-0.61385;-0.72438;-0.29225;-0.46607;-0.84755;-1.12291;-0.64885;-0.7139;-0.96822;-0.84439;-0.43939;-1.22578;-0.93617;-1.4011;0
10;-0.8809;-0.93021;-1.0572;-1.17789;-1.01532;-1.34414;-1.10257;-1.12177;-0.92899;-1.03913;-0.86153;-0.81443;-0.81476;-0.78516;-0.75399;-0.75264;-0.71939;-0.84148;-0.70108;-0.7889;-0.7858;-0.67327;-0.76142;-0.78098;-0.74995;-0.78682;-0.71162;-0.86621;-0.59943;-0.74748;-0.84995;-0.68747;-0.73942;-0.46763;-0.6457;-0.4275;-0.75378;-0.71951;-0.62521;-0.48119;-0.6571;-0.41673;-0.64006;-0.33629;-0.36457;-0.57664;-0.40719;-0.49549;-0.44941;-0.39684;-0.3253;-0.45459;-0.35667;-0.57596;-0.34797;-0.41983;-0.37479;-0.35847;-0.43254;-0.47264;-0.403;-0.35983;-0.36784;-0.36761;-0.37906;-0.38813;-0.29902;-0.31834;-0.34058;-0.25502;-0.22915;-0.19748;0.32951;0.54354;0.34743;0.62431;0.49963;0.6492;0.80898;0.74299;0.18207;0.61348;0.62785;0.14837;0.82866;0.5613;0.85783;1.05476;0.31763;1.36642;0.74175;0.75434;0.49681;0.70883;1.35559;-0.17103;0.88907;1.0117;0.38495;1.03566;0.42643;0.64256;0.26291;0.83469;0.25002;0.17419;0.70701;0.34314;0.26928;0.38894;0.4826;-0.05908;-0.01031;0.37209;-0.14596;0.40709;0.15308;0.02782;0.36508;0.34944;-0.05242;0.29601;-0.02675;0.45783;-0.01848;0.34116;0.20749;0.26746;0.44738;0.14148;0.04295;0.55661;-0.28457;0.39112;0.15357;0.15524;0.11938;0.17079;0.25561;0.33011;-0.12295;0.34655;-0.11506;0.36106;0.28295;-0.00078;0.37022;0.29076;-0.03012;0.07801;-0.02804;0.09533;-0.09686;-0.02152;0.21757;0.33993;-0.08294;0.0236;-0.09677;0.26714;-0.14813;0.06482;0.02936;0.12587;-0.31266;0.25288;-0.73136;-0.04927;-0.21503;0.11035;0.09873;-0.17266;0.22952;-0.14208;-0.24126;-0.32393;-0.06524;-0.21756;-0.3276;0.02373;-0.11348;-0.17978;0.15837;0.17085;-0.01296;0.0824;0.13972;0.15114;0.57135;-0.03155;0.45629;0.83681;0.58589;0.70813;0.73251;0.68634;0.57205;0.10579;0.44787;0.73195;0
11;0.18353;0.33696;0.31841;0.28594;0.44001;0.24557;0.58129;0.23505;0.14995;0.30303;0.30738;0.4691;0.19203;0.1748;0.4225;0.13792;0.33591;0.54635;-0.02315;0.38983;0.28362;0.32314;0.26473;0.09643;-0.18539;0.07794;0.01001;-0.61278;-1.23148;-1.30406;-1.12334;0.0604;-0.23113;-0.1509;-0.69555;-0.04184;0.16247;-1.10874;2.03048;-0.1492;-0.68817;1.67775;-0.0328;0.42751;0.40868;0.45955;0.86575;0.42553;0.3;0.6391;0.17339;0.42079;0.88803;0.24786;0.70755;0.19403;0.61961;0.39916;0.5838;0.14256;0.81346;0.7181;0.40511;0.57662;0.27027;0.42381;0.46036;0.26781;0.3248;0.04565;0.13391;0.20972;-0.47752;-0.5242;-0.72557;-0.54676;-0.37132;-0.53192;-0.70626;-0.45172;-0.44541;-0.45318;-0.40654;-0.45347;0.05311;-0.66664;-0.71274;-0.15655;-1.0487;-0.10207;-0.57299;-0.14175;-0.79248;-0.52405;-0.84857;0.12761;-0.83728;-0.66218;-0.0678;-0.43007;-0.13333;-0.47543;-0.32534;-0.44084;-0.7618;-0.52877;-0.58457;-0.32906;-0.58322;-0.25333;-0.48649;-0.98202;-0.33428;0.0164;-1.369;-1.16298;-0.10575;-0.45438;-0.7579;-0.46618;-0.47678;-0.28791;-0.43467;-0.57827;-0.26951;-0.59451;-0.428;-0.50262;-0.20736;0.30087;0.1587;0.60431;0.00551;0.19839;0.2742;0.57198;0.38024;0.53439;0.36892;0.30508;0.12904;0.55564;0.03594;-0.19735;0.04905;0.1299;0.17682;0.09272;-0.13221;0.00547;-0.20621;-0.42309;0.21998;-0.17369;-0.46789;0.38104;-0.03744;-0.40466;0.6553;-0.69193;0.37451;-0.23664;-0.30817;0.04076;-0.02582;0.00484;-0.49061;-0.26896;-0.61911;-0.25001;-0.47037;-0.47108;-0.6233;0.04998;0.11149;0.27472;-0.0146;-0.1479;-0.2092;-0.11797;0.13396;0.12453;-0.25538;0.04166;-0.04045;0.02292;-0.76758;0.53831;0.19931;0.3386;-0.287;-0.05057;0.85954;0.23375;0.28916;0.302;-0.50388;0.05691;-0.52182;-0.48918;0
12;1.82189;1.31022;1.27323;0.45202;0.54076;0.86104;-0.03077;0.10272;0.30404;-0.09182;-0.49357;-0.0068;-0.2432;0.11649;-0.08951;-0.26144;0.05527;-0.59645;-0.60564;-0.37513;-0.3375;-0.66305;-0.42852;-0.38221;-0.23772;-0.1632;-0.06134;0.09353;-0.07086;-0.10606;-0.07559;-0.32117;0.0311;-0.09534;0.06937;-0.02232;-0.27598;-0.13898;-0.21509;0.03517;-0.49231;-0.2272;-0.13954;-0.22787;-0.13058;-0.27145;-0.32897;-0.2493;-0.25028;0.00128;-0.02493;-0.023;-0.1091;0.30925;-0.10139;-0.18231;-0.12522;0.01521;-0.24128;0.03625;0.01455;0.23619;0.42247;0.85852;1.05268;0.66265;0.36269;0.30189;0.25348;0.19609;0.28287;0.16408;-0.38705;-0.14982;-0.13521;-0.15451;-0.40302;-0.2839;-0.27392;-0.41778;-0.46932;-0.16406;-0.20789;0.3411;0.39664;0.47319;0.45857;0.36263;0.64671;0.34465;0.69777;0.70565;0.47343;0.332;0.38227;0.10905;0.25749;0.28452;0.59092;-0.24155;-0.64306;-0.2543;-0.57116;0.00989;-0.55432;0.42025;-0.09599;0.34083;0.12854;-0.28925;-0.11058;0.49991;-0.31365;0.61597;0.03794;-0.00699;-0.0834;0.19215;0.20043;-0.59358;-0.13377;-0.25471;0.23302;-0.40795;-0.47554;1.138;1.03404;-0.44711;0.41447;-0.434;-0.56959;-0.06849;0.40258;0.50146;-0.22044;0.17501;-0.77956;0.32926;-0.07149;-0.90554;-0.44365;0.75455;0.04121;-0.48922;0.37097;-0.84116;-0.17459;-0.02463;-1.38923;0.00503;-0.63945;-0.02461;0.28628;0.34892;-0.57338;0.48923;-0.60136;-0.8956;0.29476;-0.89943;-0.59929;-0.53379;0.3241;-0.4458;0.57713;-0.30742;-0.61091;-0.66995;-1.6211;-1.20162;-1.79192;-0.44465;-1.36932;-1.5782;-1.55381;-2.18692;-3.13357;-0.42688;-1.80086;-2.87933;-2.2322;-3.30276;-3.49809;-3.78028;-3.67744;-3.46048;-3.96472;-2.95156;0.22298;-1.55038;-0.95423;-1.45569;-2.39584;-3.35647;-2.92089;-3.19189;-1.16882;-1.52433;-2.17322;-1.16763;1
13;0.02473;0.41542;0.283;0.15235;-0.15421;-0.15817;-0.60435;-1.03892;-0.43149;-1.53759;-1.66245;-2.35179;-2.57743;-2.47144;-1.33766;-0.89259;-0.92071;-0.90486;-1.53492;-0.23735;-0.769;-0.67708;-0.72205;-0.72048;-0.66027;-0.4818;-0.48666;-0.82445;-0.47688;-1.21499;-1.26641;-1.73017;-1.61858;-1.38685;-1.43224;-1.60154;-0.39293;-0.54189;-1.20655;-0.33501;-0.9927;-0.55662;-0.24411;0.33408;0.73398;-0.08473;-0.06819;0.12846;1.06695;0.4989;0.13989;0.04815;0.26735;0.47571;0.02636;0.16537;-0.05424;0.29293;0.56662;0.18184;0.02886;0.19384;0.04472;-0.17331;0.17966;-0.86125;-0.46282;-0.55604;-0.52013;-0.72603;-1.17105;-1.23112;-1.41918;-1.76779;-2.71228;-1.93657;-2.12895;-1.87052;-1.92643;-2.20096;-2.22854;-2.04619;-1.60992;-0.46212;-0.70232;-0.67161;-1.37044;-0.74786;-0.56304;-0.5562;-0.69455;-0.78737;-1.40431;0.06195;0.48221;0.08059;0.03239;-0.36381;0.13917;0.72009;-0.35576;-0.99029;-0.14435;-0.48701;-0.52389;-0.64858;-0.45826;-0.9507;-0.91458;-1.32538;-1.10437;-1.14032;-1.39293;-0.71063;-1.3162;-1.28563;-0.92246;-0.40664;-0.50172;-0.35874;-0.23642;-0.15567;-1.32078;-1.54056;-1.86304;-1.7406;-2.11276;-2.59074;-2.75944;-2.72814;-1.35816;-1.56977;-1.91848;-2.10585;-1.01816;0.40339;-0.53748;-0.73395;-0.23368;-0.091;-0.37279;0.52753;0.44924;1.48608;0.93827;1.59078;1.79355;1.89653;0.7307;0.45545;0.31323;0.28133;0.32231;0.44504;0.44323;0.45208;0.23094;0.61734;0.26956;0.544;0.81415;0.88683;0.9291;0.58714;0.87077;0.75864;0.28832;0.49091;0.31429;0.34378;0.22639;0.41182;0.28485;0.26294;0.40503;0.33797;0.95777;0.46669;0.03186;0.06735;-0.08378;0.22662;-0.40123;-0.18436;-0.94947;-0.10718;-0.51494;-0.20296;-0.4047;-0.38526;-0.21813;-0.29016;-0.59344;-0.49472;-0.74743;-0.41277;-0.06102;-0.03295;0.20168;-0.17261;1
14;0.2236;-0.39056;0.08515;0.02056;0.32487;0.02377;-0.5257;1.18295;0.22134;-0.22467;0.98461;1.42368;2.87252;-0.27769;0.53379;0.89502;0.17419;0.76479;0.62137;0.12992;0.74777;0.80471;-0.17448;0.68813;0.55102;0.60567;0.39173;0.0057;0.07316;0.12248;0.33922;-0.07264;0.25142;-0.0844;0.5142;-0.09548;0.44329;-0.34869;-0.24909;0.94873;0.69863;-0.08248;0.202;-1.3369;-0.37879;0.41282;-0.86749;-0.93537;-1.07535;-2.2477;-2.14987;-2.28361;-2.5017;-1.34192;-1.20947;-0.93379;-0.90381;-1.61069;-1.15731;-1.63168;-1.45006;-1.34639;-1.90104;-1.82721;-0.37762;-1.56734;-1.9578;-0.34181;-0.91329;-0.08363;-0.60167;-0.3478;-0.59941;-0.41047;-0.2848;-0.91801;-0.45219;-0.37372;-0.51645;-0.49524;-0.62157;-0.61064;-0.64626;-0.54946;-0.45806;-0.7181;-0.93217;0.02101;-0.29837;-0.8539;0.14307;-0.31962;0.23871;0.57253;0.44427;0.09234;0.40563;0.14706;0.26466;0.3796;-0.6466;-0.34968;-0.11247;0.32954;-0.73765;0.55701;0.27231;0.22112;0.17378;0.6902;0.51743;0.69752;0.47334;-0.09088;0.50397;0.18001;-0.10218;0.08358;-0.35536;-0.64502;-0.28957;-0.07998;-0.10204;-0.6657;-0.70648;-0.84661;-0.33519;-0.54282;-0.68989;-0.74489;-0.73193;-0.1832;-0.08523;-0.47277;-0.48116;-0.07502;-0.12439;-0.15009;0.20596;0.08244;0.50574;0.04167;0.57328;0.50593;0.46276;-0.14915;0.19225;0.63198;-0.16225;0.11835;-0.19667;0.79808;-1.08678;-2.89344;0.49688;-0.69315;1.26743;-0.52341;-0.00532;-2.15858;-0.61321;-0.73522;0.17711;-0.3019;-0.02642;-0.21361;-0.15454;-0.25591;0.09592;0.74475;-0.21434;-0.29645;-0.36055;-0.44045;0.12474;0.16168;-0.70033;0.04325;-0.45971;-0.92841;-0.39058;-1.24566;-0.50277;-0.72775;-0.53899;-0.3454;-0.45195;-0.75839;-0.55874;-0.28395;-0.39123;-0.8079;-0.68251;-1.0943;-0.34424;-0.71433;-0.71531;-1.10571;-1.14817;-0.60605;1
15;1.75711;1.38079;0.91699;0.69382;0.59445;0.91598;0.29773;0.91912;0.22428;0.13454;0.80669;0.57351;1.32151;0.63482;0.99341;0.53812;0.78126;0.57115;0.18014;0.3343;0.24062;0.23134;0.11624;-0.4161;0.19768;0.35241;-0.0731;0.03599;-0.00176;0.03432;-0.2561;-0.28618;-0.0366;-1.05074;-0.05718;-0.5347;-0.81575;-0.14861;-0.87639;-0.10769;0.11779;-0.7724;-0.33974;-0.14528;-0.76033;-1.59102;-0.63186;-0.59769;-1.41238;-0.77011;-1.45582;-1.16332;-1.217;-0.79883;-1.62015;-0.22487;-1.67684;-1.33892;-1.16083;-0.6592;-0.62075;-0.40086;-0.40736;-0.47313;-1.12206;-1.06492;-1.16296;-0.66318;-1.1355;-0.54409;-1.66047;-1.51608;-1.10441;-0.86252;-2.03045;-0.61442;-0.89598;-0.77081;-1.12706;-0.60188;-1.00766;-0.8885;-0.83695;-1.29004;-0.70289;-1.35852;-0.88526;-0.12052;-0.56532;-0.45661;-0.25748;-0.36209;-0.3705;-1.02521;-0.49525;-0.55509;-0.85431;-1.26775;-1.42893;-1.3495;0.9168;1.10583;1.12521;1.02157;1.05573;0.88;0.95489;0.97609;0.63202;0.38936;0.69628;0.28724;0.41104;0.40361;0.59657;0.45083;0.60885;0.86734;0.7812;1.14375;0.99124;0.98309;0.75993;0.87231;0.59534;0.93327;0.7497;0.63102;0.94244;0.68709;1.05054;0.74927;1.0394;1.24142;1.08807;0.51881;0.71865;0.56682;0.49503;0.54076;0.77855;0.40458;0.63237;0.05163;-0.54691;0.42062;-0.14296;0.28034;0.23351;0.45769;0.53537;-0.06042;0.8121;0.12458;0.60066;0.67213;0.18453;0.28747;0.26865;-0.32237;0.21994;0.11547;-0.44532;-0.22464;-0.27779;0.00137;-0.18887;-0.36152;-0.16703;-0.33401;0.01896;-0.31583;-0.04398;-0.12617;-0.17916;-0.4585;-0.45487;-0.81946;-0.50266;-0.73689;-0.58111;-0.82959;-0.76103;-0.4844;-0.75636;-0.49154;-0.13446;-0.70708;-0.24309;-0.20311;-0.57771;-0.7393;-1.17037;-1.09974;-0.96075;-1.11633;-1.04908;-0.76403;-0.76031;-0.54182;1
16;0.56637;0.75485;0.73473;0.35518;0.70009;0.61936;0.63101;0.20548;0.22676;0.25901;-0.35723;0.1963;0.39134;0.74447;0.21789;0.15082;0.05684;0.4408;0.58524;0.67133;0.74324;0.51466;0.65133;0.97166;0.66998;0.61347;0.46181;0.62871;0.71655;0.641;0.49466;-0.02852;0.17881;-0.01889;-0.08932;-0.63752;-0.40953;-0.32207;-1.40959;-2.02234;-1.50779;-1.018;-1.07086;-0.81552;-0.69223;-1.05216;-0.70438;-0.61473;-0.80228;-0.71404;-0.32722;-0.40744;-0.71021;-0.41628;-0.6555;-0.41927;-0.76799;-0.47603;0.09375;0.54543;-0.51447;-0.15205;-0.45971;0.0885;0.15636;0.56142;-0.18011;0.56565;-0.01934;0.52206;0.62838;0.58677;0.9911;1.22336;-0.01602;0.51353;-0.09603;1.1166;0.15632;-0.01524;0.03411;0.74565;0.40958;0.29531;0.54611;-0.21652;0.3634;0.0709;0.23082;0.29835;0.10304;0.3806;-0.38509;-1.33855;0.03615;0.62375;0.46612;0.03488;-0.56843;-0.18196;-4.39888;-1.91847;-1.3432;-1.25368;-1.30636;-1.5736;-1.73273;-0.84032;-1.33597;-1.17045;-1.32961;-2.2615;-0.74683;-1.54407;-1.74361;-1.21435;-1.42193;-1.84521;-1.77774;-1.63646;-0.77606;-1.22014;-2.84377;-2.17643;-1.90234;-1.37262;-1.23696;-1.4006;-1.33513;-0.74076;-1.41085;-1.72525;-1.44628;-1.85545;-1.58242;-0.12744;-2.0207;-2.205;-2.52459;-0.31571;-0.85945;-1.59289;-2.52667;-0.66876;-1.27889;-1.40144;-1.20605;-2.33637;-1.31696;-2.28022;-0.92153;-1.54306;-1.81019;-1.93234;-1.82205;-1.5407;-1.38474;-1.79303;-1.24095;-1.21897;-1.3642;-1.401;-1.71596;-1.09197;-1.63941;-2.67781;-1.25738;-2.50339;-3.18186;-1.93466;-1.41398;-1.30757;-1.61344;-1.89443;-1.68375;-1.94079;-1.30326;-1.55882;-1.25013;-1.43484;-1.96915;-2.04733;-2.1163;-1.96151;0.61665;-5.63687;-0.47245;-2.2669;-1.00607;-2.34686;-1.15771;-0.84394;-1.82674;-1.12604;0.16221;-2.21223;-0.60992;-0.22034;-2.16361;-0.39585;1
17;-1.21371;-1.3378;-0.98655;-1.32441;-1.68529;-1.24179;-0.60072;-1.41523;-1.43985;-1.06546;-1.15281;-1.17761;-1.4543;-1.11936;-1.07711;-1.27999;-1.14939;-1.147;-0.27242;-1.40494;-1.04643;-1.2787;-0.5299;-1.35952;-1.49519;-1.44549;-0.72031;-1.05784;-1.25814;-0.96482;-1.10687;-1.15574;-0.90828;-0.8316;-0.83307;-0.44236;-0.16394;-0.11117;0.15439;0.512;-0.08644;-0.40393;-1.88986;-1.4294;-0.44548;-0.80579;-0.80147;-0.63615;-0.68335;-0.98291;-1.60584;-0.67902;-0.69951;-0.84439;-0.94568;-1.44688;-1.4474;-0.7304;-1.95179;-2.18407;-0.74094;-1.6167;-1.99729;-1.46554;-0.99547;-0.94746;-0.74189;-0.1188;-0.67038;-0.20964;-1.00711;-0.91052;-0.64377;-0.82291;-0.64409;-0.63011;-0.62466;-0.95927;-0.94166;-1.04773;-1.66457;-0.8428;-0.61832;-1.62751;-1.76341;-0.50328;-2.75376;-1.3301;-1.16046;-1.00365;-1.10738;-1.2669;0.13518;0.48885;0.58366;0.29512;0.23128;0.58203;0.4211;0.54946;-0.27078;-0.22902;-0.53007;-1.10941;-0.3826;-0.77142;-0.36642;0.33604;0.01418;-0.003;-0.01923;-0.20557;0.2739;-0.21495;0.04911;-0.51536;0.32377;-0.66663;0.6776;0.10601;0.41514;-0.00121;1.00688;1.37004;-0.61212;-0.60125;0.61622;0.76884;-0.16159;0.87239;-0.04625;0.32743;0.17329;-0.89479;0.39163;3.18277;0.96879;-0.22711;0.67802;1.01079;0.93388;-0.52222;-0.84516;-0.36363;-1.04589;-0.16471;-1.71865;-1.70857;-0.1517;0.56542;-1.52721;-2.31901;-1.75758;-1.72839;-1.1673;-1.59983;-0.68158;-0.63779;-1.53058;-1.63993;-0.10104;-0.17372;-1.18136;0.11133;-1.14022;0.05959;-0.39753;-0.42246;0.15748;-0.03521;-0.04252;-0.10337;0.09059;-0.22977;0.1225;0.39098;-0.05482;-0.69936;0.18565;-0.22682;-0.75256;-0.07027;-0.42664;-1.28628;0.09841;0.30677;0.20405;-1.37086;-0.72454;-0.52717;-0.61052;-0.76049;-0.60039;-0.83589;-1.20783;-0.64545;-1.80296;-0.23499;-0.49895;-0.42582;1
18;-0.34034;-2.22039;-1.90038;0.26247;0.77959;3.24447;-0.92712;-0.24466;-0.43874;-0.4087;-0.68191;-0.48821;-0.51541;-0.40559;-0.55303;0.12422;0.12158;-0.5701;-0.0267;0.37058;-0.64696;0.35829;-0.92949;-0.33612;0.40631;-0.34307;-0.15308;-0.72063;-0.40521;-0.15873;0.09398;-1.17742;-0.26037;-0.46783;0.32093;0.04874;0.49327;-1.92188;2.16085;0.13926;0.68006;-0.20519;-0.24391;0.25468;0.11275;0.07519;-0.30155;-0.39474;0.17639;-0.03803;0.132;-0.06031;-0.01212;-0.54581;0.22007;0.26397;0.37554;-0.14246;0.55793;-0.26452;-0.51782;-0.57059;-0.93714;-1.03061;-0.88993;-0.60111;-1.09965;-0.62567;-1.04914;-0.12411;-0.42251;-0.513;1.46421;-0.39434;0.04188;0.08083;0.34536;0.30725;-1.3202;-1.30947;-1.22383;-2.08069;-2.11372;-2.10471;-2.54852;-2.13257;-2.26889;-2.48565;-2.29128;-2.42818;-1.7626;-2.26617;-0.95919;-0.87477;-0.61519;-1.02149;-1.02227;-0.501;-0.06068;-0.43138;0.0722;-0.98637;-0.40526;-0.48825;-1.54866;-0.50828;-0.31166;-0.86159;-0.66387;-1.63328;-1.64173;-1.71517;-1.73559;-1.20249;-0.26142;-1.13726;-0.41469;-0.92215;-0.78542;-0.826;-1.53332;-1.28861;-1.76171;-1.98536;-1.6419;-1.7097;-0.87271;-0.74445;-1.03623;-0.6312;-0.50843;-0.91365;-0.5483;-0.75453;-1.1598;-0.44433;-0.82325;-0.65665;-1.11675;-1.2095;-0.29251;-0.52922;-1.01034;-0.56902;-0.3949;-0.62651;-0.77549;-1.00873;-1.0489;-0.72053;-1.07953;-0.65937;-1.11199;-0.47379;-0.66492;-0.7323;-0.47422;-0.5575;-0.50021;-0.1623;-0.64199;-0.41993;-0.53816;-0.02864;-0.38536;0.02455;0.08699;0.29758;-0.13231;-0.21415;0.05488;-0.36227;-0.08013;-0.61779;-0.89808;-1.2161;-0.85068;-0.97831;-0.84271;-0.58476;-0.78654;-0.5961;-0.58031;-0.61458;-0.99638;-1.27063;-1.06702;-1.17296;-1.03455;-0.86568;-0.90181;-0.38548;-0.37053;-0.22835;-0.36063;-0.28063;-0.32324;-0.02127;-0.02426;-0.04679;1
19;-1.58096;-1.8829;-1.78914;-1.08104;-0.98434;-1.51916;-0.83463;-1.62821;-1.23829;-1.35565;-1.46816;-0.45994;-1.08655;-1.25143;-1.4972;-0.70308;-0.71054;-1.44685;-0.73327;-1.46518;-0.99315;-0.89737;-1.06403;-1.47988;-0.51702;-0.65962;-0.92861;-0.43729;-0.39864;1.65595;-0.60373;-0.22141;-0.24032;0.31767;-0.48989;0.59194;-0.91867;1.38724;-2.13662;-1.38365;1.8038;2.66701;0.98713;0.65351;-4.10893;-0.4928;0.14429;-0.03209;-0.57322;-0.63423;-1.06276;-0.33262;-0.59622;0.05416;-0.39658;-0.24681;-0.57462;-0.16538;-0.49981;-0.43449;-0.49551;-0.52305;-0.08579;-0.4174;-0.94546;0.08428;-0.08006;0.00701;-0.51835;-0.11441;-0.6423;-0.92014;-0.26561;-0.30366;-0.38757;0.16814;0.14869;-0.15195;-0.25767;-0.68507;0.02782;-0.17366;-0.18428;0.15882;-0.03797;0.21796;0.33724;0.16327;0.4549;0.3821;0.35697;0.41259;0.28202;0.00903;0.31844;-0.04037;-0.10863;-0.62648;-0.06474;0.13406;0.12229;0.02383;0.34129;0.19295;-0.19199;-0.37996;0.06895;-0.18455;-0.53378;-1.23051;-0.51665;-1.70129;-1.341;-1.20556;-1.83076;-1.64581;-2.36775;-2.98715;-2.50711;-2.49233;-2.30469;-0.58743;-0.96086;-0.85609;-1.01008;-2.31873;-1.96923;-1.95685;-1.89197;-1.90486;-1.26706;-0.74293;-0.05;-1.83693;-2.21957;-2.33444;-2.05748;-2.22381;-1.734;-1.19024;-0.69853;-1.40365;-1.05893;-0.9559;-0.91175;-0.67728;-1.16032;-0.44198;0.86429;-0.15943;0.47142;-0.2991;-0.3241;-0.8176;-1.08549;-0.26899;-0.40393;-0.49661;-0.72637;-0.52469;-0.77205;-0.27947;-0.49614;-0.33023;-1.76431;-0.78649;-0.62201;-1.01287;-0.70001;-0.34917;-0.31898;-0.50298;-0.7409;0.31478;-0.866;-0.38337;-0.55557;-0.99544;-0.07815;-0.39453;-0.39156;-0.20247;-0.64137;0.03784;0.02395;-0.76765;0.21511;-0.62762;-0.36263;-0.10636;-0.25699;-0.50876;0.14959;-0.26688;-0.16385;-0.20535;0.00433;-1.10128;-1.03431;-1.63194;1
20;-1.67173;-2.13981;-2.28404;-1.4571;-1.91309;-1.53027;-2.02578;-1.71972;-1.703;-1.43499;-2.72089;-1.17926;-2.5358;-1.83497;-2.64492;-2.05509;-2.47541;-2.09695;-2.00764;-2.2028;-1.66839;-2.1184;-1.58606;-1.92804;-1.86679;-2.07147;-2.29617;-1.71446;-1.87926;-2.10268;-1.90437;-1.84966;-1.60984;-1.77705;-1.77271;-1.1797;-1.57115;-1.48287;-1.77121;-1.93697;-1.69514;-1.18102;-1.76211;-1.73536;-1.35212;-1.31618;-1.68213;-1.49898;-1.62267;-1.4341;-1.02109;-1.1485;-1.25379;-1.29435;-0.97386;-1.09774;-1.1383;-0.98454;-0.99157;-0.96775;-0.98203;-1.1165;-1.18342;-1.52293;-1.27626;-1.20904;-1.58497;-1.16199;-1.30141;-1.32494;-1.04128;-0.45573;-0.76355;-0.69099;-0.69535;-0.77921;-0.48351;-0.64805;-1.10822;-1.02698;-0.63747;-0.7689;-0.41044;-0.899;-0.85492;-0.60041;-1.01299;-0.70227;-0.45463;-0.65957;-1.21704;-0.56251;-0.91145;-1.96036;-2.87411;-2.49317;-1.68462;-1.12323;-1.68708;-2.79773;-0.52503;-1.32166;-1.69352;-1.29666;-1.15864;-1.30517;-1.37134;-1.30125;-1.16265;-1.05848;-1.11364;-1.10457;-0.93127;-1.14813;-1.53139;-1.42495;-1.44072;-1.44314;-1.76956;-1.39704;-1.83545;-1.42172;-1.69726;2.16379;-1.53723;-1.38431;-1.44251;-1.24713;-0.97328;-1.17295;-0.86335;-0.98816;-1.02203;-0.97903;-1.04374;-0.56384;-0.98824;-1.29532;-0.52903;-0.94416;-0.21468;-0.42304;-0.46961;-0.44573;-0.36242;-0.40952;-0.52309;-1.10938;-2.14878;-1.36865;-1.93545;-1.58043;-1.34035;-1.63246;-2.4811;-1.35211;-1.23418;-1.73837;-1.4234;-1.77278;-1.32549;-2.02786;-0.94185;-1.60676;-1.24323;-1.86724;-1.18096;-2.31965;-0.73328;-1.0925;-0.74316;-1.22879;-1.55001;-1.4102;-1.15451;-1.69717;-0.74724;-1.27935;-1.30318;-1.44378;-1.09588;-1.00755;-0.4801;-1.06562;-0.62442;-1.42651;-1.20403;-1.227;-1.51278;-1.54649;-1.42888;-1.00183;-1.71724;-1.82346;-1.17675;-2.05998;-1.27629;-1.21949;-1.621;-1.3273;1
21;-1.10358;-1.20576;-1.78986;-1.2748;-0.75226;-0.98646;-0.86027;-0.5959;-1.09641;-0.17654;-0.37262;0.21772;-1.00775;-0.00321;-0.66345;-0.86169;-0.91173;0.03668;-0.23644;-1.21711;-0.36044;-1.06651;-0.17707;-0.03143;-1.03855;-1.31983;-0.69361;0.10227;-0.96485;-0.60391;-2.34079;-2.25947;-0.08892;-5.89296;7.97393;-9.33837;4.71553;-7.28595;-2.46379;5.99794;-5.70366;5.01646;-5.73732;3.54374;-1.64307;2.9177;-5.7464;2.30074;-0.48385;-0.14733;-0.86222;-0.70994;-0.93523;-1.10627;-0.12137;-0.69444;-0.87693;-0.1332;-0.02063;-0.50796;-0.30333;-0.96588;0.38781;-0.18473;-0.38746;-0.03983;0.84518;-1.09276;-0.16557;-0.89147;-0.56212;-1.17192;-1.34828;-0.84246;-1.91311;-0.82414;-0.60221;-0.45736;-1.83117;-0.5667;-1.90755;-0.84156;-1.42914;-1.66265;-0.90453;-1.75912;-1.05052;-2.37566;-1.63006;-2.30378;-1.01245;-1.30175;-1.74616;-1.53797;-1.87734;-1.90248;-1.35335;-1.05268;-1.26564;-1.35559;-1.63598;-1.12554;-1.21981;-1.97462;-1.8081;-1.42293;-1.49766;-1.38539;-1.57962;-0.85325;-1.44591;-0.96746;-0.40669;-1.08;-0.37893;-0.49379;-0.35548;-0.49153;-1.23848;-1.11291;-0.53825;-0.63198;-1.03822;-0.69971;-0.69779;-0.96067;-1.24769;-0.84764;0.05115;-1.40318;-0.36658;-0.90088;-0.59408;-0.87664;-0.86986;-1.03739;-0.43422;-0.74174;-0.04979;-0.17663;-0.61932;-0.1238;0.01834;0.01475;0.28135;-0.48299;0.09603;-0.76188;-1.42783;-1.32268;-1.60295;-1.21193;-1.4793;-1.391;-0.93926;-1.21361;-0.66805;-0.81411;-0.57265;-1.12159;-0.49804;-0.52523;-0.23565;-0.4396;0.43846;-0.25777;0.11954;-0.32631;0.5658;0.6492;0.44221;0.5003;0.70811;1.16543;0.32768;0.81377;0.53988;0.80498;0.77024;0.83942;0.40949;0.52481;0.55217;0.65026;0.83404;-0.40861;-0.36071;1.49653;1.51867;-2.72669;1.0078;0.38287;0.25831;-0.14247;0.92567;2.50729;1.78152;0.86104;1.57;0.90072;1
22;-0.26525;-0.35894;-0.47294;-1.75634;0.38732;-1.36297;0.06174;-0.22879;-0.23501;-0.12016;-0.52766;-0.35885;-0.39882;-1.23104;-0.20989;-1.1639;-0.19792;-1.41854;-0.64769;-1.35903;-1.08352;-0.86297;-0.2985;-0.61249;-0.64558;-0.50219;-0.37789;-0.44443;-0.4699;-0.56039;-0.97178;-1.13986;-1.04743;-0.78692;-0.78786;-0.91738;-0.59748;-0.73685;1.4758;0.76991;1.01912;0.8431;0.33733;0.98691;1.05247;0.94532;0.43672;-0.21048;-0.12738;-0.25495;0.23641;-0.39896;0.05319;-0.11575;-0.01041;-0.1089;-0.29893;-0.14984;0.40122;0.32492;-0.08925;-0.64461;-0.01934;1.21439;1.05486;0.21798;0.03006;0.12578;0.05428;0.51211;0.76422;-0.10005;0.2383;0.27043;1.3289;1.30286;0.58919;1.08035;0.63687;0.42926;0.73957;1.08554;0.61748;-0.00556;0.37363;-0.03968;-0.35272;0.63413;0.67069;2.90694;0.04373;-0.07989;0.24383;0.83876;-0.58429;-0.43255;0.34201;-0.0514;-0.30819;-0.94244;-0.45423;-3.08864;-2.9867;0.43712;-2.54441;0.46843;-0.83689;-0.52649;0.92266;-0.09856;0.48174;-0.26187;0.80948;-0.47748;0.62116;0.36097;-1.06656;0.4371;-0.19541;0.09387;-0.51122;-0.41767;-0.05911;-0.124;0.1748;0.21405;0.33335;-0.6273;-1.18549;0.43693;0.02393;-0.58876;-1.13284;-2.60347;-0.81433;-1.61493;-0.67783;-1.97357;-1.09046;-0.68791;-2.66547;-2.79374;-3.35826;-3.06693;-1.73697;-1.52516;-1.03653;0.26613;-0.13845;-0.61997;-0.81003;-0.50734;-0.65459;-0.75265;-0.68327;-0.90262;0.07118;-3.23285;0.99925;0.51403;-0.80919;-0.40618;-0.80901;-0.51731;-0.28682;-0.81681;-0.62182;-0.26984;-0.02343;-0.63114;0.26135;-0.69448;-0.23103;-0.44363;-0.28459;-0.42468;0.0046;-0.63428;-0.83365;-0.8983;-0.89924;-0.57285;-0.2727;-0.53814;-1.08904;-1.12909;-0.31524;-0.36874;-0.93551;1.59059;-3.67699;-0.49057;-2.931;8.89156;-14.3034;7.74645;-5.43938;1.81038;-3.74448;3.83638;1
